United States,Bronze,2024,3x3 Basketball,Women,United States
United States,Silver,2024,Archery,Men's Individual,Brady ELLISON
United States,Bronze,2024,Archery,Mixed Team,United States
United States,Gold,2024,Artistic Gymnastics,Women's Team,United States
United States,Gold,2024,Artistic Gymnastics,Women's All-Around,Simone BILES
United States,Gold,2024,Artistic Gymnastics,Women's Vault,Simone BILES
United States,Silver,2024,Artistic Gymnastics,Women's Floor Exercise,Simone BILES
United States,Bronze,2024,Artistic Gymnastics,Men's Team,United States
United States,Bronze,2024,Artistic Gymnastics,Men's Pommel Horse,Stephen NEDOROSCIK
United States,Bronze,2024,Artistic Gymnastics,Women's All-Around,Sunisa LEE
United States,Bronze,2024,Artistic Gymnastics,Women's Vault,Jade CAREY
United States,Bronze,2024,Artistic Gymnastics,Women's Uneven Bars,Sunisa LEE
United States,Bronze,2024,Artistic Gymnastics,Women's Floor Exercise,Jordan CHILES
United States,Silver,2024,Artistic Swimming,Team,United States
United States,Gold,2024,Athletics,Men's 100m,Noah LYLES
United States,Gold,2024,Athletics,Men's 1500m,Cole HOCKER
United States,Gold,2024,Athletics,Men's Shot Put,Ryan CROUSER
United States,Gold,2024,Athletics,Women's 200m,Gabrielle THOMAS
United States,Gold,2024,Athletics,Women's Discus Throw,Valarie ALLMAN
United States,Silver,2024,Athletics,Men's Pole Vault,Sam KENDRICKS
United States,Silver,2024,Athletics,Men's Shot Put,Joe KOVACS
United States,Silver,2024,Athletics,Women's 100m,Sha'carri RICHARDSON
United States,Silver,2024,Athletics,Women's Hammer Throw,Annette Nneka ECHIKUNWOKE
United States,Silver,2024,Athletics,4 x 400m Relay Mixed,United States
United States,Bronze,2024,Athletics,Men's 100m,Fred KERLEY
United States,Bronze,2024,Athletics,Men's 1500m,Yared NUGUSE
United States,Bronze,2024,Athletics,Men's 10,000m,Grant FISHER
United States,Bronze,2024,Athletics,Women's 100m,Melissa JEFFERSON
United States,Bronze,2024,Athletics,Women's 200m,Brittany BROWN
United States,Bronze,2024,Athletics,Women's Triple Jump,Jasmine MOORE
United States,Bronze,2024,Boxing,Men's 71kg,Omari JONES
United States,Bronze,2024,Canoe Slalom,Women's Canoe Single,Evy LEIBFARTH
United States,Silver,2024,Cycling BMX Freestyle,Women's Park,Perris BENEGAS
United States,Silver,2024,Cycling Mountain Bike,Women's Cross-country,Haley BATTEN
United States,Gold,2024,Cycling Road,Women's Road Race,Kristen FAULKNER
United States,Bronze,2024,Cycling Road,Women's Individual Time Trial,Chloe DYGERT
United States,Gold,2024,Cycling Track,Women's Team Pursuit,United States Of Amer
United States,Silver,2024,Diving,Women's Synchronised 3m Springboard,BACON/COOK
United States,Silver,2024,Equestrian,Jumping Team,United States
United States,Gold,2024,Fencing,Women's Foil Individual,Lee KIEFER
United States,Gold,2024,Fencing,Women's Foil Team,United States
United States,Silver,2024,Fencing,Women's Foil Individual,Lauren SCRUGGS
United States,Bronze,2024,Fencing,Men's Foil Individual,Nick ITKIN
United States,Gold,2024,Golf,Men's Individual Stroke Play,Scottie SCHEFFLER
United States,Gold,2024,Rowing,Men's Four,United States
United States,Bronze,2024,Rowing,Men's Eight,United States
United States,Bronze,2024,Rugby Sevens,Women,United States
United States,Bronze,2024,Sailing,Men's Skiff,BARROWS/HENKEN
United States,Gold,2024,Shooting,Skeet Men,Vincent HANCOCK
United States,Silver,2024,Shooting,Skeet Men,Conner Lynn PRINCE
United States,Silver,2024,Shooting,50m Rifle 3 Positions Women,Sagen MADDALENA
United States,Silver,2024,Shooting,Skeet Mixed Team,United States 1
United States,Bronze,2024,Shooting,Skeet Women,Austen Jewell SMITH
United States,Silver,2024,Skateboarding,Men's Street,Jagger EATON
United States,Silver,2024,Skateboarding,Men's Park,Tom SCHAAR
United States,Bronze,2024,Skateboarding,Men's Street,Nyjah HUSTON
United States,Gold,2024,Surfing,Women,Caroline MARKS
United States,Gold,2024,Swimming,Women's 800m Freestyle,Katie LEDECKY
United States,Gold,2024,Swimming,Women's 1500m Freestyle,Katie LEDECKY
United States,Gold,2024,Swimming,Women's 200m Breaststroke,Kate DOUGLASS
United States,Gold,2024,Swimming,Women's 100m Butterfly,Torri HUSKE
United States,Gold,2024,Swimming,Women's 4 x 100m Medley Relay,United States
United States,Gold,2024,Swimming,Men's 1500m Freestyle,Bobby FINKE
United States,Gold,2024,Swimming,Men's 4 x 100m Freestyle Relay,United States
United States,Gold,2024,Swimming,Mixed 4 x 100m Medley Relay,United States
United States,Silver,2024,Swimming,Women's 100m Freestyle,Torri HUSKE
United States,Silver,2024,Swimming,Women's 100m Backstroke,Regan SMITH
United States,Silver,2024,Swimming,Women's 200m Backstroke,Regan SMITH
United States,Silver,2024,Swimming,Women's 100m Butterfly,Gretchen WALSH
United States,Silver,2024,Swimming,Women's 200m Butterfly,Regan SMITH
United States,Silver,2024,Swimming,Women's 200m Individual Medley,Kate DOUGLASS
United States,Silver,2024,Swimming,Women's 400m Individual Medley,Katie GRIMES
United States,Silver,2024,Swimming,Women's 4 x 100m Freestyle Relay,United States
United States,Silver,2024,Swimming,Women's 4 x 200m Freestyle Relay,United States
United States,Silver,2024,Swimming,Men's 800m Freestyle,Bobby FINKE
United States,Silver,2024,Swimming,Men's 100m Breaststroke,Nic FINK
United States,Silver,2024,Swimming,Men's 4 x 200m Freestyle Relay,United States
United States,Silver,2024,Swimming,Men's 4 x 100m Medley Relay,United States
United States,Bronze,2024,Swimming,Women's 400m Freestyle,Katie LEDECKY
United States,Bronze,2024,Swimming,Women's 800m Freestyle,Paige MADDEN
United States,Bronze,2024,Swimming,Women's 100m Backstroke,Katharine BERKOFF
United States,Bronze,2024,Swimming,Women's 400m Individual Medley,Emma WEYANT
United States,Bronze,2024,Swimming,Men's 200m Freestyle,Luke HOBSON
United States,Bronze,2024,Swimming,Men's 100m Backstroke,Ryan MURPHY
United States,Bronze,2024,Swimming,Men's 400m Individual Medley,Carson FOSTER
United States,Silver,2024,Tennis,Men's Doubles,KRAJICEK/RAM
United States,Bronze,2024,Tennis,Men's Doubles,FRITZ/PAUL
United States,Silver,2024,Triathlon,Mixed Relay,United States of Amer
United States,Bronze,2024,Weightlifting,Men's 61kg,Hampton MORRIS
United States,Gold,2024,Wrestling,Women's Freestyle 68kg,Amit ELOR
China,Silver,2024,Archery,Women's Team,China
China,Gold,2024,Artistic Gymnastics,Men's Rings,LIU Yang
China,Gold,2024,Artistic Gymnastics,Men's Parallel Bars,ZOU Jingyuan
China,Silver,2024,Artistic Gymnastics,Men's Team,China
China,Silver,2024,Artistic Gymnastics,Men's All-Around,ZHANG Boheng
China,Silver,2024,Artistic Gymnastics,Men's Rings,ZOU Jingyuan
China,Silver,2024,Artistic Gymnastics,Women's Uneven Bars,QIU Qiyuan
China,Silver,2024,Artistic Gymnastics,Women's Balance Beam,ZHOU Yaqin
China,Bronze,2024,Artistic Gymnastics,Men's All-Around,XIAO Ruoteng
China,Bronze,2024,Artistic Gymnastics,Men's Horizontal Bar,ZHANG Boheng
China,Gold,2024,Artistic Swimming,Team,China
China,Gold,2024,Athletics,Women's 20km Race Walk,YANG Jiayu
China,Silver,2024,Athletics,Women's Discus Throw,FENG Bin
China,Bronze,2024,Athletics,Women's Hammer Throw,ZHAO Jie
China,Gold,2024,Badminton,Women's Doubles,CHEN/JIA
China,Gold,2024,Badminton,Mixed Doubles,ZHENG/HUANG
China,Silver,2024,Badminton,Women's Singles,HE Bing Jiao
China,Silver,2024,Badminton,Men's Doubles,LIANG/WANG
China,Silver,2024,Badminton,Women's Doubles,LIU/TAN
China,Silver,2024,Boxing,Women's 60kg,YANG Wenlu
China,Gold,2024,Cycling BMX Freestyle,Women's Park,DENG Yawen
China,Gold,2024,Diving,Women's 10m Platform,QUAN Hongchan
China,Gold,2024,Diving,Women's Synchronised 3m Springboard,CHANG/CHEN
China,Gold,2024,Diving,Women's Synchronised 10m Platform,CHEN/QUAN
China,Gold,2024,Diving,Men's Synchronised 3m Springboard,LONG/WANG
China,Gold,2024,Diving,Men's Synchronised 10m Platform,LIAN/YANG
China,Silver,2024,Diving,Women's 10m Platform,CHEN Yuxi
China,Bronze,2024,Judo,Women -78 kg,MA Zhenzhao
China,Gold,2024,Shooting,10m Air Rifle Men,SHENG Lihao
China,Gold,2024,Shooting,50m Rifle 3 Positions Men,LIU Yukun
China,Gold,2024,Shooting,10m Air Pistol Men,XIE Yu
China,Gold,2024,Shooting,25m Rapid Fire Pistol Men,LI Yuehong
China,Gold,2024,Shooting,10m Air Rifle Mixed Team,China 1
China,Silver,2024,Shooting,Trap Men,QI Ying
China,Silver,2024,Shooting,10m Air Rifle Women,HUANG Yuting
China,Bronze,2024,Shooting,25m Rapid Fire Pistol Men,WANG Xinjie
China,Bronze,2024,Shooting,50m Rifle 3 Positions Women,ZHANG Qiongyue
China,Bronze,2024,Shooting,Skeet Mixed Team,China
China,Silver,2024,Sport Climbing,Women's Speed,DENG Lijuan
China,Gold,2024,Swimming,Men's 100m Freestyle,PAN Zhanle
China,Gold,2024,Swimming,Men's 4 x 100m Medley Relay,China
China,Silver,2024,Swimming,Women's 100m Breaststroke,TANG Qianting
China,Silver,2024,Swimming,Men's 100m Backstroke,XU Jiayu
China,Silver,2024,Swimming,Mixed 4 x 100m Medley Relay,China
China,Bronze,2024,Swimming,Women's 50m Freestyle,ZHANG Yufei
China,Bronze,2024,Swimming,Women's 100m Butterfly,ZHANG Yufei
China,Bronze,2024,Swimming,Women's 200m Butterfly,ZHANG Yufei
China,Bronze,2024,Swimming,Women's 4 x 100m Freestyle Relay,China
China,Bronze,2024,Swimming,Women's 4 x 200m Freestyle Relay,China
China,Bronze,2024,Swimming,Women's 4 x 100m Medley Relay,China
China,Bronze,2024,Swimming,Men's 200m Individual Medley,WANG Shun
China,Gold,2024,Table Tennis,Men's Singles,FAN Zhendong
China,Gold,2024,Table Tennis,Women's Singles,CHEN Meng
China,Gold,2024,Table Tennis,Mixed Doubles,WANG/SUN
China,Silver,2024,Table Tennis,Women's Singles,SUN Yingsha
China,Gold,2024,Tennis,Women's Singles,ZHENG Qinwen
China,Silver,2024,Tennis,Mixed Doubles,WANG/ZHANG
China,Silver,2024,Trampoline Gymnastics,Men,WANG Zisai
China,Bronze,2024,Trampoline Gymnastics,Men,YAN Langyu
China,Gold,2024,Weightlifting,Men's 61kg,LI Fabin
China,Silver,2024,Wrestling,Men's Greco-Roman 60kg,CAO Liguo
China,Bronze,2024,Wrestling,Men's Greco-Roman 130kg,MENG Lingzhe
Australia,Silver,2024,Athletics,Women's High Jump,Nicola OLYSLAGERS
Australia,Bronze,2024,Athletics,Women's High Jump,Eleanor PATTERSON
Australia,Bronze,2024,Athletics,Women's 20km Race Walk,Jemima MONTAG
Australia,Bronze,2024,Athletics,Marathon Race Walk Relay Mixed,COWLEY R/MONTAG J
Australia,Gold,2024,Canoe Slalom,Women's Kayak Single,Jessica FOX
Australia,Gold,2024,Canoe Slalom,Women's Canoe Single,Jessica FOX
Australia,Gold,2024,Canoe Slalom,Women's Kayak Cross,Noemie FOX
Australia,Bronze,2024,Cycling BMX Freestyle,Women's Park,Natalya DIEHM
Australia,Gold,2024,Cycling BMX Racing,Women,Saya SAKAKIBARA
Australia,Gold,2024,Cycling Road,Women's Individual Time Trial,Grace BROWN
Australia,Gold,2024,Cycling Track,Men's Team Pursuit,Australia
Australia,Bronze,2024,Cycling Track,Men's Team Sprint,Australia
Australia,Silver,2024,Equestrian,Eventing Individual,Christopher BURTON
Australia,Bronze,2024,Rowing,Women's Pair,MORRISON/McINTYRE
Australia,Gold,2024,Sailing,Men's Dinghy,Matt WEARN
Australia,Silver,2024,Sailing,Men's Windsurfing,Grae MORRIS
Australia,Bronze,2024,Shooting,Trap Women,Penny SMITH
Australia,Gold,2024,Skateboarding,Women's Park,Arisa TREW
Australia,Gold,2024,Skateboarding,Men's Park,Keegan PALMER
Australia,Silver,2024,Surfing,Men,Jack ROBINSON
Australia,Gold,2024,Swimming,Women's 200m Freestyle,Mollie O'CALLAGHAN
Australia,Gold,2024,Swimming,Women's 400m Freestyle,Ariarne TITMUS
Australia,Gold,2024,Swimming,Women's 100m Backstroke,Kaylee McKEOWN
Australia,Gold,2024,Swimming,Women's 200m Backstroke,Kaylee McKEOWN
Australia,Gold,2024,Swimming,Women's 4 x 100m Freestyle Relay,Australia
Australia,Gold,2024,Swimming,Women's 4 x 200m Freestyle Relay,Australia
Australia,Gold,2024,Swimming,Men's 50m Freestyle,Cameron McEVOY
Australia,Silver,2024,Swimming,Women's 50m Freestyle,Meg HARRIS
Australia,Silver,2024,Swimming,Women's 200m Freestyle,Ariarne TITMUS
Australia,Silver,2024,Swimming,Women's 800m Freestyle,Ariarne TITMUS
Australia,Silver,2024,Swimming,Women's 4 x 100m Medley Relay,Australia
Australia,Silver,2024,Swimming,Men's 100m Freestyle,Kyle CHALMERS
Australia,Silver,2024,Swimming,Men's 400m Freestyle,Elijah WINNINGTON
Australia,Silver,2024,Swimming,Men's 200m Breaststroke,Zac STUBBLETY-COOK
Australia,Silver,2024,Swimming,Men's 4 x 100m Freestyle Relay,Australia
Australia,Bronze,2024,Swimming,Women's 200m Individual Medley,Kaylee McKEOWN
Australia,Bronze,2024,Swimming,Men's 4 x 200m Freestyle Relay,Australia
Australia,Bronze,2024,Swimming,Mixed 4 x 100m Medley Relay,Australia
Australia,Gold,2024,Tennis,Men's Doubles,EBDEN/PEERS
France,Silver,2024,3x3 Basketball,Men,France
France,Silver,2024,Archery,Men's Team,France
France,Bronze,2024,Archery,Women's Individual,Lisa BARBELIN
France,Gold,2024,Canoe Slalom,Men's Canoe Single,Nicolas GESTIN
France,Silver,2024,Canoe Slalom,Men's Kayak Single,Titouan CASTRYCK
France,Silver,2024,Canoe Slalom,Women's Kayak Cross,Angele HUG
France,Bronze,2024,Cycling BMX Freestyle,Men's Park,Anthony JEANJEAN
France,Gold,2024,Cycling BMX Racing,Men,Joris DAUDET
France,Silver,2024,Cycling BMX Racing,Men,Sylvain ANDRE
France,Bronze,2024,Cycling BMX Racing,Men,Romain MAHIEU
France,Gold,2024,Cycling Mountain Bike,Women's Cross-country,Pauline FERRAND PREVOT
France,Silver,2024,Cycling Mountain Bike,Men's Cross-country,Victor KORETZKY
France,Silver,2024,Cycling Road,Men's Road Race,Valentin MADOUAS
France,Bronze,2024,Cycling Road,Men's Road Race,Christophe LAPORTE
France,Silver,2024,Equestrian,Eventing Team,France
France,Bronze,2024,Equestrian,Jumping Team,France
France,Gold,2024,Fencing,Women's Sabre Individual,Manon APITHY-BRUNET
France,Silver,2024,Fencing,Women's Épée Individual,Auriane MALLO-BRETON
France,Silver,2024,Fencing,Women's Sabre Individual,Sara BALZER
France,Silver,2024,Fencing,Men's Épée Individual,Yannick BOREL
France,Silver,2024,Fencing,Women's Épée Team,France
France,Bronze,2024,Fencing,Men's Foil Team,France
France,Bronze,2024,Fencing,Men's Sabre Team,France
France,Gold,2024,Judo,Men +100 kg,Teddy RINER
France,Gold,2024,Judo,Mixed Team,France
France,Silver,2024,Judo,Men -60 kg,Luka MKHEIDZE
France,Silver,2024,Judo,Men -73 kg,Joan-Benjamin GABA
France,Bronze,2024,Judo,Women -48 kg,Shirine BOUKLI
France,Bronze,2024,Judo,Women -52 kg,Amandine BUCHARD
France,Bronze,2024,Judo,Women -57 kg,Sarah Leonie CYSIQUE
France,Bronze,2024,Judo,Women -63 kg,Clarisse AGBEGNENOU
France,Bronze,2024,Judo,Women +78 kg,Romane DICKO
France,Bronze,2024,Judo,Men -90 kg,Maxime-Gael NGAYAP HAMBOU
France,Gold,2024,Rugby Sevens,Men,France
France,Bronze,2024,Sailing,Women's Skiff,STEYAERT/PICON
France,Silver,2024,Shooting,25m Pistol Women,Camille JEDRZEJEWSKI
France,Gold,2024,Surfing,Men,Kauli VAAST
France,Bronze,2024,Surfing,Women,Johanne DEFAY
France,Gold,2024,Swimming,Men's 200m Breaststroke,Leon MARCHAND
France,Gold,2024,Swimming,Men's 200m Butterfly,Leon MARCHAND
France,Gold,2024,Swimming,Men's 200m Individual Medley,Leon MARCHAND
France,Gold,2024,Swimming,Men's 400m Individual Medley,Leon MARCHAND
France,Silver,2024,Swimming,Women's 1500m Freestyle,Anastasiia KIRPICHNIKOVA
France,Bronze,2024,Swimming,Men's 50m Freestyle,Florent MANAUDOU
France,Bronze,2024,Swimming,Men's 4 x 100m Medley Relay,France
France,Bronze,2024,Table Tennis,Men's Singles,Felix LEBRUN
France,Bronze,2024,Taekwondo,Men -58kg,Cyrian RAVET
France,Gold,2024,Triathlon,Women's Individual,Cassandre BEAUGRAND
France,Bronze,2024,Triathlon,Men's Individual,Leo BERGERE
Great Britain,Bronze,2024,Artistic Gymnastics,Men's Floor Exercise,Jake JARMAN
Great Britain,Bronze,2024,Artistic Gymnastics,Men's Vault,Harry HEPWORTH
Great Britain,Gold,2024,Athletics,Women's 800m,Keely HODGKINSON
Great Britain,Silver,2024,Athletics,Men's 1500m,Josh KERR
Great Britain,Bronze,2024,Athletics,4 x 400m Relay Mixed,Great Britain
Great Britain,Bronze,2024,Boxing,Men's 71kg,Lewis RICHARDSON
Great Britain,Silver,2024,Canoe Slalom,Men's Canoe Single,Adam BURGESS
Great Britain,Silver,2024,Canoe Slalom,Men's Kayak Cross,Joseph CLARKE
Great Britain,Bronze,2024,Canoe Slalom,Women's Kayak Single,Kimberley WOODS
Great Britain,Bronze,2024,Canoe Slalom,Women's Kayak Cross,Kimberley WOODS
Great Britain,Silver,2024,Cycling BMX Freestyle,Men's Park,Kieran Darren David REILLY
Great Britain,Gold,2024,Cycling Mountain Bike,Men's Cross-country,Thomas PIDCOCK
Great Britain,Silver,2024,Cycling Road,Women's Individual Time Trial,Anna HENDERSON
Great Britain,Gold,2024,Cycling Track,Women's Team Sprint,Great Britain
Great Britain,Silver,2024,Cycling Track,Men's Team Sprint,Great Britain
Great Britain,Silver,2024,Cycling Track,Men's Team Pursuit,Great Britain
Great Britain,Bronze,2024,Cycling Track,Women's Team Pursuit,Great Britain
Great Britain,Silver,2024,Diving,Men's Synchronised 10m Platform,DALEY/WILLIAMS
Great Britain,Bronze,2024,Diving,Women's Synchronised 3m Springboard,HARPER/MEW JENSEN
Great Britain,Bronze,2024,Diving,Women's Synchronised 10m Platform,SPENDOLINI/TOULSON
Great Britain,Bronze,2024,Diving,Men's Synchronised 3m Springboard,HARDING/LAUGHER
Great Britain,Gold,2024,Equestrian,Eventing Team,Great Britain
Great Britain,Gold,2024,Equestrian,Jumping Team,Great Britain
Great Britain,Bronze,2024,Equestrian,Eventing Individual,Laura COLLETT
Great Britain,Bronze,2024,Equestrian,Dressage Team,Great Britain
Great Britain,Bronze,2024,Equestrian,Dressage Individual,Charlotte FRY
Great Britain,Silver,2024,Golf,Men's Individual Stroke Play,Tommy FLEETWOOD
Great Britain,Gold,2024,Rowing,Lightweight Women's Double Sculls,CRAIG/GRANT
Great Britain,Gold,2024,Rowing,Women's Quadruple Sculls,Great Britain
Great Britain,Gold,2024,Rowing,Men's Eight,Great Britain
Great Britain,Silver,2024,Rowing,Men's Pair,WYNNE-GRIF/GEORGE
Great Britain,Silver,2024,Rowing,Women's Four,Great Britain
Great Britain,Bronze,2024,Rowing,Women's Double Sculls,HODGKINS B/WILDE
Great Britain,Bronze,2024,Rowing,Men's Four,Great Britain
Great Britain,Bronze,2024,Rowing,Women's Eight,Great Britain
Great Britain,Bronze,2024,Sailing,Women's Windsurfing,Emma WILSON
Great Britain,Gold,2024,Shooting,Trap Men,Nathan HALES
Great Britain,Silver,2024,Shooting,Skeet Women,Amber Jo RUTTER
Great Britain,Bronze,2024,Skateboarding,Women's Park,Sky BROWN
Great Britain,Gold,2024,Swimming,Men's 4 x 200m Freestyle Relay,Great Britain
Great Britain,Silver,2024,Swimming,Men's 50m Freestyle,Benjamin PROUD
Great Britain,Silver,2024,Swimming,Men's 200m Freestyle,Matthew RICHARDS
Great Britain,Silver,2024,Swimming,Men's 100m Breaststroke,Adam PEATY
Great Britain,Silver,2024,Swimming,Men's 200m Individual Medley,Duncan SCOTT
Great Britain,Gold,2024,Trampoline Gymnastics,Women,Bryony PAGE
Great Britain,Gold,2024,Triathlon,Men's Individual,Alex YEE
Great Britain,Bronze,2024,Triathlon,Women's Individual,Beth POTTER
Great Britain,Bronze,2024,Triathlon,Mixed Relay,Great Britain
Japan,Gold,2024,Artistic Gymnastics,Men's Team,Japan
Japan,Gold,2024,Artistic Gymnastics,Men's All-Around,OKA Shinnosuke
Japan,Gold,2024,Artistic Gymnastics,Men's Horizontal Bar,OKA Shinnosuke
Japan,Bronze,2024,Artistic Gymnastics,Men's Parallel Bars,OKA Shinnosuke
Japan,Bronze,2024,Badminton,Women's Doubles,MATSUYAMA/SHIDA
Japan,Bronze,2024,Badminton,Mixed Doubles,WATANABE/HIGASHINO
Japan,Bronze,2024,Equestrian,Eventing Team,Japan
Japan,Gold,2024,Fencing,Men's Épée Individual,KANO Koki
Japan,Gold,2024,Fencing,Men's Foil Team,Japan
Japan,Silver,2024,Fencing,Men's Épée Team,Japan
Japan,Bronze,2024,Fencing,Women's Foil Team,Japan
Japan,Bronze,2024,Fencing,Women's Sabre Team,Japan
Japan,Bronze,2024,Golf,Men's Individual Stroke Play,MATSUYAMA Hideki
Japan,Gold,2024,Judo,Women -48 kg,TSUNODA Natsumi
Japan,Gold,2024,Judo,Men -66 kg,ABE Hifumi
Japan,Gold,2024,Judo,Men -81 kg,NAGASE Takanori
Japan,Silver,2024,Judo,Men -90 kg,MURAO Sanshiro
Japan,Silver,2024,Judo,Mixed Team,Japan
Japan,Bronze,2024,Judo,Women -57 kg,FUNAKUBO Haruka
Japan,Bronze,2024,Judo,Men -60 kg,NAGAYAMA Ryuju
Japan,Bronze,2024,Judo,Men -73 kg,HASHIMOTO Soichi
Japan,Gold,2024,Skateboarding,Women's Street,YOSHIZAWA Coco
Japan,Gold,2024,Skateboarding,Men's Street,HORIGOME Yuto
Japan,Silver,2024,Skateboarding,Women's Street,AKAMA Liz
Japan,Silver,2024,Skateboarding,Women's Park,HIRAKI Cocona
Japan,Silver,2024,Swimming,Men's 400m Individual Medley,MATSUSHITA Tomoyuki
Japan,Bronze,2024,Table Tennis,Women's Singles,Hina HAYATA
Japan,Gold,2024,Wrestling,Men's Greco-Roman 60kg,FUMITA Kenichiro
Japan,Gold,2024,Wrestling,Men's Greco-Roman 77kg,KUSAKA Nao
Japan,Bronze,2024,Wrestling,Women's Freestyle 68kg,OZAKI Nonoka
Korea,Gold,2024,Archery,Men's Individual,KIM Woojin
Korea,Gold,2024,Archery,Women's Individual,LIM Sihyeon
Korea,Gold,2024,Archery,Men's Team,Korea
Korea,Gold,2024,Archery,Women's Team,Korea
Korea,Gold,2024,Archery,Mixed Team,Korea
Korea,Silver,2024,Archery,Women's Individual,NAM Suhyeon
Korea,Bronze,2024,Archery,Men's Individual,LEE Wooseok
Korea,Gold,2024,Badminton,Women's Singles,AN Se Young
Korea,Silver,2024,Badminton,Mixed Doubles,KIM/JEONG
Korea,Bronze,2024,Boxing,Women's 54kg,IM Aeji
Korea,Gold,2024,Fencing,Men's Sabre Individual,OH Sanguk
Korea,Gold,2024,Fencing,Men's Sabre Team,Korea
Korea,Silver,2024,Fencing,Women's Sabre Team,Korea
Korea,Silver,2024,Judo,Women -57 kg,HUH Mimi
Korea,Silver,2024,Judo,Men +100 kg,KIM Minjong
Korea,Bronze,2024,Judo,Women +78 kg,KIM Hayun
Korea,Bronze,2024,Judo,Men -81 kg,LEE Joonhwan
Korea,Bronze,2024,Judo,Mixed Team,Korea
Korea,Gold,2024,Shooting,10m Air Rifle Women,BAN Hyojin
Korea,Gold,2024,Shooting,10m Air Pistol Women,OH Ye Jin
Korea,Gold,2024,Shooting,25m Pistol Women,YANG Jiin
Korea,Silver,2024,Shooting,25m Rapid Fire Pistol Men,CHO Yeongjae
Korea,Silver,2024,Shooting,10m Air Pistol Women,KIM Yeji
Korea,Silver,2024,Shooting,10m Air Rifle Mixed Team,Korea 1
Korea,Bronze,2024,Swimming,Men's 400m Freestyle,KIM Woomin
Korea,Bronze,2024,Table Tennis,Mixed Doubles,LIM/SHIN
Italy,Gold,2024,Artistic Gymnastics,Women's Balance Beam,Alice D'AMATO
Italy,Silver,2024,Artistic Gymnastics,Women's Team,Italy
Italy,Bronze,2024,Artistic Gymnastics,Women's Balance Beam,Manila ESPOSITO
Italy,Bronze,2024,Athletics,Men's Long Jump,Mattia FURLANI
Italy,Gold,2024,Canoe Slalom,Men's Kayak Single,Giovanni de GENNARO
Italy,Silver,2024,Cycling Road,Men's Individual Time Trial,Filippo GANNA
Italy,Bronze,2024,Cycling Track,Men's Team Pursuit,Italy
Italy,Gold,2024,Fencing,Women's Épée Team,Italy
Italy,Silver,2024,Fencing,Men's Foil Individual,Filippo MACCHI
Italy,Silver,2024,Fencing,Women's Foil Team,Italy
Italy,Silver,2024,Fencing,Men's Foil Team,Italy
Italy,Bronze,2024,Fencing,Men's Sabre Individual,Luigi SAMELE
Italy,Gold,2024,Judo,Women -78 kg,Alice BELLANDI
Italy,Silver,2024,Rowing,Lightweight Men's Double Sculls,OPPO/SOARES
Italy,Silver,2024,Rowing,Men's Quadruple Sculls,Italy
Italy,Gold,2024,Sailing,Women's Windsurfing,Marta MAGGETTI
Italy,Gold,2024,Shooting,Skeet Mixed Team,Italy 1
Italy,Silver,2024,Shooting,10m Air Pistol Men,Federico Nilo MALDINI
Italy,Silver,2024,Shooting,Trap Women,Silvana Maria STANCO
Italy,Bronze,2024,Shooting,10m Air Pistol Men,Paolo MONNA
Italy,Gold,2024,Swimming,Men's 100m Backstroke,Thomas CECCON
Italy,Gold,2024,Swimming,Men's 100m Breaststroke,Nicolo MARTINENGHI
Italy,Silver,2024,Swimming,Men's 1500m Freestyle,Gregorio PALTRINIERI
Italy,Bronze,2024,Swimming,Men's 800m Freestyle,Gregorio PALTRINIERI
Italy,Bronze,2024,Swimming,Men's 4 x 100m Freestyle Relay,Italy
Italy,Gold,2024,Tennis,Women's Doubles,ERRANI/PAOLINI
Italy,Bronze,2024,Tennis,Men's Singles,Lorenzo MUSETTI
Netherlands,Gold,2024,3x3 Basketball,Men,Netherlands
Netherlands,Gold,2024,Athletics,4 x 400m Relay Mixed,Netherlands
Netherlands,Bronze,2024,Athletics,Women's 5000m,Sifan HASSAN
Netherlands,Silver,2024,Cycling BMX Racing,Women,Manon VEENSTRA
Netherlands,Silver,2024,Cycling Road,Women's Road Race,Marianne VOS
Netherlands,Gold,2024,Cycling Track,Men's Team Sprint,Netherlands
Netherlands,Bronze,2024,Equestrian,Jumping Individual,Maikel van der VLEUTEN
Netherlands,Gold,2024,Rowing,Women's Pair,CLEVERING/MEESTER
Netherlands,Gold,2024,Rowing,Women's Four,Netherlands
Netherlands,Gold,2024,Rowing,Women's Single Sculls,Karolien FLORIJN
Netherlands,Gold,2024,Rowing,Men's Quadruple Sculls,Netherlands
Netherlands,Silver,2024,Rowing,Men's Double Sculls,TWELLAAR/BROENINK
Netherlands,Silver,2024,Rowing,Women's Quadruple Sculls,Netherlands
Netherlands,Silver,2024,Rowing,Men's Eight,Netherlands
Netherlands,Bronze,2024,Rowing,Men's Single Sculls,Simon van DORP
Netherlands,Gold,2024,Sailing,Women's Dinghy,Marit BOUWMEESTER
Netherlands,Gold,2024,Sailing,Women's Skiff,AANHOLT/DUETZ
Netherlands,Bronze,2024,Sailing,Men's Windsurfing,Luuc van OPZEELAND
Netherlands,Bronze,2024,Swimming,Women's 200m Breaststroke,Tes SCHOUTEN
Netherlands,Bronze,2024,Swimming,Men's 200m Breaststroke,Caspar CORBEAU
Germany,Gold,2024,3x3 Basketball,Women,Germany
Germany,Silver,2024,Archery,Mixed Team,Germany
Germany,Silver,2024,Athletics,Men's Decathlon,Leo NEUGEBAUER
Germany,Silver,2024,Canoe Slalom,Women's Canoe Single,Elena LILIK
Germany,Bronze,2024,Canoe Slalom,Men's Kayak Cross,Noah HEGGE
Germany,Bronze,2024,Cycling Track,Women's Team Sprint,Germany
Germany,Gold,2024,Equestrian,Eventing Individual,Michael JUNG
Germany,Gold,2024,Equestrian,Dressage Team,Germany
Germany,Gold,2024,Equestrian,Dressage Individual,Jessica von BREDOW-WERNDL
Germany,Gold,2024,Equestrian,Jumping Individual,Christian KUKUK
Germany,Silver,2024,Equestrian,Dressage Individual,Isabell WERTH
Germany,Silver,2024,Judo,Women -70 kg,Miriam BUTKEREIT
Germany,Gold,2024,Rowing,Men's Single Sculls,Oliver ZEIDLER
Germany,Bronze,2024,Rowing,Women's Quadruple Sculls,Germany
Germany,Gold,2024,Swimming,Men's 400m Freestyle,Lukas MAERTENS
Germany,Bronze,2024,Swimming,Women's 1500m Freestyle,Isabel GOSE
Germany,Gold,2024,Triathlon,Mixed Relay,Germany
Canada,Gold,2024,Athletics,Men's Hammer Throw,Ethan KATZBERG
Canada,Gold,2024,Athletics,Women's Hammer Throw,Camryn ROGERS
Canada,Bronze,2024,Boxing,Men's 63.5kg,Wyatt SANFORD
Canada,Bronze,2024,Diving,Men's Synchronised 10m Platform,WIENS/ZSOMBOR-MURRAY
Canada,Bronze,2024,Fencing,Women's Foil Individual,Eleanor HARVEY
Canada,Gold,2024,Judo,Women -57 kg,Christa DEGUCHI
Canada,Silver,2024,Rowing,Women's Eight,Canada
Canada,Silver,2024,Rugby Sevens,Women,Canada
Canada,Gold,2024,Swimming,Women's 200m Butterfly,Summer McINTOSH
Canada,Gold,2024,Swimming,Women's 200m Individual Medley,Summer McINTOSH
Canada,Gold,2024,Swimming,Women's 400m Individual Medley,Summer McINTOSH
Canada,Silver,2024,Swimming,Women's 400m Freestyle,Summer McINTOSH
Canada,Silver,2024,Swimming,Men's 100m Butterfly,Josh LIENDO
Canada,Bronze,2024,Swimming,Women's 200m Backstroke,Kylie MASSE
Canada,Bronze,2024,Swimming,Men's 100m Butterfly,Ilya KHARUN
Canada,Bronze,2024,Swimming,Men's 200m Butterfly,Ilya KHARUN
Canada,Bronze,2024,Tennis,Mixed Doubles,DABROWSKI/AUGER-ALIAS
Canada,Bronze,2024,Trampoline Gymnastics,Women,Sophiane METHOT
Ireland,Gold,2024,Artistic Gymnastics,Men's Pommel Horse,Rhys MC CLENAGHAN
Ireland,Gold,2024,Boxing,Women's 60kg,Kellie HARRINGTON
Ireland,Gold,2024,Rowing,Lightweight Men's Double Sculls,Mc CARTHY/O DONOVAN
Ireland,Bronze,2024,Rowing,Men's Double Sculls,LYNCH/DOYLE
Ireland,Gold,2024,Swimming,Men's 800m Freestyle,Daniel WIFFEN
Ireland,Bronze,2024,Swimming,Women's 100m Breaststroke,Mona Mc SHARRY
Ireland,Bronze,2024,Swimming,Men's 1500m Freestyle,Daniel WIFFEN
New Zealand,Gold,2024,Canoe Slalom,Men's Kayak Cross,Finn BUTCHER
New Zealand,Silver,2024,Cycling Track,Women's Team Sprint,New Zealand
New Zealand,Silver,2024,Cycling Track,Women's Team Pursuit,New Zealand
New Zealand,Gold,2024,Rowing,Women's Double Sculls,FRANCIS/SPOORS
New Zealand,Silver,2024,Rowing,Men's Four,New Zealand
New Zealand,Silver,2024,Rowing,Women's Single Sculls,Emma TWIGG
New Zealand,Bronze,2024,Rowing,Women's Four,New Zealand
New Zealand,Gold,2024,Rugby Sevens,Women,New Zealand
New Zealand,Silver,2024,Sailing,Men's Skiff,McHARDIE/McKENZIE
New Zealand,Silver,2024,Triathlon,Men's Individual,Hayden WILDE
Hungary,Silver,2024,Athletics,Men's Hammer Throw,Bence HALASZ
Hungary,Gold,2024,Fencing,Men's Épée Team,Hungary
Hungary,Silver,2024,Fencing,Men's Sabre Team,Hungary
Hungary,Bronze,2024,Fencing,Women's Épée Individual,Eszter MUHARI
Hungary,Bronze,2024,Shooting,25m Pistol Women,Veronika MAJOR
Hungary,Gold,2024,Swimming,Men's 200m Backstroke,Hubert KOS
Hungary,Gold,2024,Swimming,Men's 100m Butterfly,Kristof MILAK
Hungary,Silver,2024,Swimming,Men's 200m Butterfly,Kristof MILAK
Sweden,Gold,2024,Athletics,Men's Pole Vault,Armand DUPLANTIS
Sweden,Bronze,2024,Cycling Mountain Bike,Women's Cross-country,Jenny RISSVEDS
Sweden,Bronze,2024,Judo,Women -48 kg,Tara BABULFATH
Sweden,Silver,2024,Sailing,Women's Skiff,BOBECK/NETZLER
Sweden,Silver,2024,Shooting,10m Air Rifle Men,Victor LINDGREN
Sweden,Gold,2024,Swimming,Women's 50m Freestyle,Sarah SJOESTROEM
Sweden,Gold,2024,Swimming,Women's 100m Freestyle,Sarah SJOESTROEM
Sweden,Silver,2024,Table Tennis,Men's Singles,Truls MOREGARD
Romania,Gold,2024,Rowing,Men's Double Sculls,CORNEA/ENACHE
Romania,Gold,2024,Rowing,Women's Eight,Romania
Romania,Silver,2024,Rowing,Women's Pair,VRINCEANU/ANGHEL
Romania,Silver,2024,Rowing,Women's Double Sculls,BODNAR/RADIS
Romania,Silver,2024,Rowing,Lightweight Women's Double Sculls,van GRONINGEN/COZMIUC
Romania,Gold,2024,Swimming,Men's 200m Freestyle,David POPOVICI
Romania,Bronze,2024,Swimming,Men's 100m Freestyle,David POPOVICI
Brazil,Gold,2024,Artistic Gymnastics,Women's Floor Exercise,Rebeca ANDRADE
Brazil,Silver,2024,Artistic Gymnastics,Women's All-Around,Rebeca ANDRADE
Brazil,Silver,2024,Artistic Gymnastics,Women's Vault,Rebeca ANDRADE
Brazil,Bronze,2024,Artistic Gymnastics,Women's Team,Brazil
Brazil,Silver,2024,Athletics,Men's 20km Race Walk,Caio BONFIM
Brazil,Bronze,2024,Boxing,Women's 60kg,Beatriz Iasmin SOARES FERREIRA
Brazil,Gold,2024,Judo,Women +78 kg,Beatriz SOUZA
Brazil,Silver,2024,Judo,Men -66 kg,Willian LIMA
Brazil,Bronze,2024,Judo,Women -52 kg,Larissa PIMENTA
Brazil,Bronze,2024,Judo,Mixed Team,Brazil
Brazil,Bronze,2024,Skateboarding,Women's Street,Rayssa LEAL
Brazil,Bronze,2024,Skateboarding,Men's Park,Augusto AKIO
Brazil,Silver,2024,Surfing,Women,Tatiana WESTON-WEBB
Brazil,Bronze,2024,Surfing,Men,Gabriel MEDINA
Spain,Silver,2024,3x3 Basketball,Women,Spain
Spain,Bronze,2024,Artistic Swimming,Team,Spain
Spain,Gold,2024,Athletics,Marathon Race Walk Relay Mixed,MARTIN A/PEREZ M
Spain,Silver,2024,Athletics,Women's 20km Race Walk,Maria PEREZ
Spain,Bronze,2024,Athletics,Men's 20km Race Walk,Alvaro MARTIN
Spain,Bronze,2024,Boxing,Men's 92kg,Enmanuel REYES PLA
Spain,Bronze,2024,Canoe Slalom,Men's Kayak Single,Pau ECHANIZ
Spain,Bronze,2024,Judo,Men -60 kg,Francisco GARRIGOS
Spain,Gold,2024,Sailing,Men's Skiff,BOTIN/TRITTEL
Spain,Silver,2024,Tennis,Men's Singles,Carlos ALCARAZ
Spain,Bronze,2024,Tennis,Women's Doubles,BUCSA/SORRIBES TORMO
Ukraine,Silver,2024,Artistic Gymnastics,Men's Parallel Bars,Illia KOVTUN
Ukraine,Gold,2024,Athletics,Women's High Jump,Yaroslava MAHUCHIKH
Ukraine,Bronze,2024,Athletics,Men's Hammer Throw,Mykhaylo KOKHAN
Ukraine,Bronze,2024,Athletics,Women's High Jump,Iryna GERASHCHENKO
Ukraine,Gold,2024,Fencing,Women's Sabre Team,Ukraine
Ukraine,Bronze,2024,Fencing,Women's Sabre Individual,Olga KHARLAN
Ukraine,Silver,2024,Shooting,50m Rifle 3 Positions Men,Serhiy KULISH
Croatia,Bronze,2024,Athletics,Women's Discus Throw,Sandra ELKASEVIC
Croatia,Gold,2024,Judo,Women -70 kg,Barbara MATIC
Croatia,Gold,2024,Rowing,Men's Pair,SINKOVIC/SINKOVIC
Croatia,Bronze,2024,Shooting,10m Air Rifle Men,Miran MARICIC
Croatia,Bronze,2024,Taekwondo,Women -49kg,Lena STOJKOVIC
Croatia,Silver,2024,Tennis,Women's Singles,Donna VEKIC
Belgium,Gold,2024,Cycling Road,Men's Road Race,Remco EVENEPOEL
Belgium,Gold,2024,Cycling Road,Men's Individual Time Trial,Remco EVENEPOEL
Belgium,Bronze,2024,Cycling Road,Women's Road Race,Lotte KOPECKY
Belgium,Bronze,2024,Cycling Road,Men's Individual Time Trial,Wout van AERT
Belgium,Bronze,2024,Judo,Women -70 kg,Gabriella WILLEMS
Hong Kong, China,Gold,2024,Fencing,Women's Épée Individual,KONG Man Wai Vivian
Hong Kong, China,Gold,2024,Fencing,Men's Foil Individual,CHEUNG Ka Long
Hong Kong, China,Bronze,2024,Swimming,Women's 100m Freestyle,HAUGHEY Siobhan Bernadette
Hong Kong, China,Bronze,2024,Swimming,Women's 200m Freestyle,HAUGHEY Siobhan Bernadette
Philippines,Gold,2024,Artistic Gymnastics,Men's Floor Exercise,Carlos Edriel YULO
Philippines,Gold,2024,Artistic Gymnastics,Men's Vault,Carlos Edriel YULO
Philippines,Bronze,2024,Boxing,Women's 50kg,Aira VILLEGAS
Azerbaijan,Gold,2024,Judo,Men -73 kg,Hidayat HEYDAROV
Azerbaijan,Gold,2024,Judo,Men -100 kg,Zelym KOTSOIEV
Serbia,Gold,2024,Shooting,10m Air Pistol Mixed Team,Serbia
Serbia,Gold,2024,Tennis,Men's Singles,Novak DJOKOVIC
Israel,Silver,2024,Artistic Gymnastics,Men's Floor Exercise,Artem DOLGOPYAT
Israel,Silver,2024,Judo,Women -78 kg,Inbar LANIR
Israel,Silver,2024,Judo,Women +78 kg,Raz HERSHKO
Israel,Bronze,2024,Judo,Men -100 kg,Peter PALTCHIK
Israel,Gold,2024,Sailing,Men's Windsurfing,Tom REUVENY
Israel,Silver,2024,Sailing,Women's Windsurfing,Sharon KANTOR
Switzerland,Bronze,2024,Cycling BMX Racing,Women,Zoe CLAESSENS
Switzerland,Silver,2024,Equestrian,Jumping Individual,Steve GUERDAT
Switzerland,Bronze,2024,Rowing,Men's Pair,ROEOESLI/GULICH
Switzerland,Gold,2024,Shooting,50m Rifle 3 Positions Women,Chiara LEONE
Switzerland,Bronze,2024,Shooting,10m Air Rifle Women,Audrey GOGNIAT
Switzerland,Bronze,2024,Swimming,Men's 200m Backstroke,Roman MITYUKOV
Switzerland,Silver,2024,Triathlon,Women's Individual,Julie DERRON
Kazakhstan,Silver,2024,Artistic Gymnastics,Men's Pommel Horse,Nariman KURBANOV
Kazakhstan,Bronze,2024,Boxing,Women's 50kg,Nazym KYZAIBAY
Kazakhstan,Gold,2024,Judo,Men -60 kg,Yeldos SMETOV
Kazakhstan,Bronze,2024,Judo,Men -66 kg,Gusman KYRGYZBAYEV
Kazakhstan,Bronze,2024,Shooting,10m Air Rifle Mixed Team,Kazakhstan 1
Kazakhstan,Silver,2024,Wrestling,Men's Greco-Roman 77kg,Demeu ZHADRAYEV
Georgia,Bronze,2024,Boxing,Men's 63.5kg,Lasha GURULI
Georgia,Gold,2024,Judo,Men -90 kg,Lasha BEKAURI
Georgia,Silver,2024,Judo,Men -81 kg,Tato GRIGALASHVILI
Georgia,Silver,2024,Judo,Men -100 kg,Ilia SULAMANIDZE
Denmark,Gold,2024,Badminton,Men's Singles,Viktor AXELSEN
Denmark,Silver,2024,Equestrian,Dressage Team,Denmark
Denmark,Silver,2024,Sailing,Women's Dinghy,Anne-Marie RINDOM
Greece,Bronze,2024,Artistic Gymnastics,Men's Rings,Eleftherios PETROUNIAS
Greece,Gold,2024,Athletics,Men's Long Jump,Miltiadis TENTOGLOU
Greece,Bronze,2024,Athletics,Men's Pole Vault,Emmanouil KARALIS
Greece,Bronze,2024,Judo,Men -90 kg,Theodoros TSELIDIS
Greece,Bronze,2024,Rowing,Lightweight Women's Double Sculls,KONTOU/FITSIOU
Greece,Bronze,2024,Rowing,Lightweight Men's Double Sculls,PAPAKONSTA/GKAIDATZIS
Greece,Silver,2024,Swimming,Men's 200m Backstroke,Apostolos CHRISTOU
Poland,Silver,2024,Canoe Slalom,Women's Kayak Single,Klaudia ZWOLINSKA
Poland,Bronze,2024,Fencing,Women's Épée Team,Poland
Poland,Bronze,2024,Rowing,Men's Quadruple Sculls,Poland
Poland,Gold,2024,Sport Climbing,Women's Speed,Aleksandra MIROSLAW
Poland,Bronze,2024,Sport Climbing,Women's Speed,Aleksandra KALUCKA
Poland,Bronze,2024,Tennis,Women's Singles,Iga SWIATEK
Kenya,Gold,2024,Athletics,Women's 5000m,Beatrice CHEBET
Kenya,Silver,2024,Athletics,Women's 5000m,Faith KIPYEGON
Kenya,Bronze,2024,Athletics,Women's 800m,Mary MORAA
Kenya,Bronze,2024,Athletics,Women's 3000m Steeplechase,Faith CHEROTICH
South Africa,Bronze,2024,Cycling Mountain Bike,Men's Cross-country,Alan HATHERLY
South Africa,Bronze,2024,Rugby Sevens,Men,South Africa
South Africa,Gold,2024,Swimming,Women's 100m Breaststroke,Tatjana SMITH
South Africa,Silver,2024,Swimming,Women's 200m Breaststroke,Tatjana SMITH
Chile,Gold,2024,Shooting,Skeet Women,Francisca CROVETTO CHADID
Chile,Silver,2024,Wrestling,Men's Greco-Roman 130kg,Yasmani ACOSTA FERNANDEZ
Ecuador,Gold,2024,Athletics,Men's 20km Race Walk,Brian Daniel PINTADO
Ecuador,Silver,2024,Athletics,Marathon Race Walk Relay Mixed,PINTADO B/MOREJON G
Saint Lucia,Gold,2024,Athletics,Women's 100m,Julien ALFRED
Saint Lucia,Silver,2024,Athletics,Women's 200m,Julien ALFRED
Uganda,Gold,2024,Athletics,Men's 10,000m,Joshua CHEPTEGEI
Uganda,Silver,2024,Athletics,Women's 3000m Steeplechase,Peruth CHEMUTAI
Chinese Taipei,Bronze,2024,Artistic Gymnastics,Men's Horizontal Bar,TANG Chia-Hung
Chinese Taipei,Gold,2024,Badminton,Men's Doubles,LEE/WANG
Chinese Taipei,Bronze,2024,Boxing,Women's 60kg,WU Shih Yi
Chinese Taipei,Bronze,2024,Boxing,Women's 66kg,CHEN Nien Chin
Chinese Taipei,Bronze,2024,Shooting,Skeet Men,LEE Meng Yuan
Cuba,Bronze,2024,Boxing,Men's 80kg,Arlen LOPEZ CARDONA
Cuba,Gold,2024,Wrestling,Men's Greco-Roman 130kg,Mijain LOPEZ NUNEZ
Cuba,Bronze,2024,Wrestling,Men's Greco-Roman 97kg,Gabriel Alejandro ROSILLO KINDELAN
IR Iran,Bronze,2024,Taekwondo,Women -49kg,Mobina NEMATZADEH
IR Iran,Gold,2024,Wrestling,Men's Greco-Roman 97kg,Mohammadhadi SARAVI
IR Iran,Bronze,2024,Wrestling,Men's Greco-Roman 130kg,Amin MIRZAZADEH
Uzbekistan,Gold,2024,Judo,Women -52 kg,Diyora KELDIYOROVA
Uzbekistan,Bronze,2024,Judo,Men -100 kg,Muzaffarbek TUROBOYEV
Uzbekistan,Bronze,2024,Judo,Men +100 kg,Alisher YUSUPOV
Czechia,Bronze,2024,Fencing,Men's Épée Team,Czechia
Czechia,Gold,2024,Tennis,Mixed Doubles,SINIAKOVA/MACHAC
Guatemala,Gold,2024,Shooting,Trap Women,Adriana RUANO OLIVA
Guatemala,Bronze,2024,Shooting,Trap Men,Jean Pierre BROL CARDENAS
Norway,Gold,2024,Athletics,Men's Decathlon,Markus ROOTH
Norway,Bronze,2024,Sailing,Women's Dinghy,Line Flem HOEST
Algeria,Gold,2024,Artistic Gymnastics,Women's Uneven Bars,Kaylia NEMOUR
Argentina,Gold,2024,Cycling BMX Freestyle,Men's Park,Jose TORRES GIL
Bahrain,Gold,2024,Athletics,Women's 3000m Steeplechase,Winfred YAVI
Dominica,Gold,2024,Athletics,Women's Triple Jump,Thea LAFOND
Slovenia,Gold,2024,Judo,Women -63 kg,Andreja LESKI
Jamaica,Silver,2024,Athletics,Men's 100m,Kishane THOMPSON
Jamaica,Silver,2024,Athletics,Men's Long Jump,Wayne PINNOCK
Jamaica,Silver,2024,Athletics,Women's Triple Jump,Shanieka RICKETTS
Jamaica,Bronze,2024,Athletics,Men's Shot Put,Rajindra CAMPBELL
DPR Korea,Bronze,2024,Boxing,Women's 54kg,PANG Cholmi
DPR Korea,Silver,2024,Diving,Women's Synchronised 10m Platform,JO/KIM
DPR Korea,Bronze,2024,Diving,Women's 10m Platform,KIM Mi Rae
DPR Korea,Silver,2024,Table Tennis,Mixed Doubles,RI/KIM
DPR Korea,Bronze,2024,Wrestling,Men's Greco-Roman 60kg,RI Se Ung
Armenia,Silver,2024,Artistic Gymnastics,Men's Vault,Artur DAVTYAN
Armenia,Silver,2024,Wrestling,Men's Greco-Roman 97kg,Artur ALEKSANYAN
Armenia,Bronze,2024,Wrestling,Men's Greco-Roman 77kg,Malkhas AMOYAN
Mexico,Bronze,2024,Archery,Women's Team,Mexico
Mexico,Silver,2024,Diving,Men's Synchronised 3m Springboard,CELAYA/OLVERA
Mexico,Silver,2024,Judo,Women -63 kg,Prisca AWITI ALCARAZ
Thailand,Silver,2024,Badminton,Men's Singles,Kunlavut VITIDSARN
Thailand,Bronze,2024,Boxing,Women's 66kg,Janjaem SUWANNAPHENG
Thailand,Silver,2024,Weightlifting,Men's 61kg,Theerapong SILACHAI
Ethiopia,Silver,2024,Athletics,Men's 10,000m,Berihu AREGAWI
Ethiopia,Silver,2024,Athletics,Women's 800m,Tsige DUGUMA
Kyrgyzstan,Silver,2024,Wrestling,Women's Freestyle 68kg,Meerim ZHUMANAZAROVA
Kyrgyzstan,Bronze,2024,Wrestling,Men's Greco-Roman 60kg,Zholaman SHARSHENBEKOV
Kyrgyzstan,Bronze,2024,Wrestling,Men's Greco-Roman 77kg,Akzhol MAKHMUDOV
Kyrgyzstan,Bronze,2024,Wrestling,Men's Greco-Roman 97kg,Uzur DZHUZUPBEKOV
Türkiye,Bronze,2024,Archery,Men's Team,Türkiye
Türkiye,Silver,2024,Shooting,10m Air Pistol Mixed Team,Türkiye 2
Türkiye,Bronze,2024,Wrestling,Women's Freestyle 68kg,Buse CAVUSOGLU TOSUN
Kosovo,Silver,2024,Judo,Women -52 kg,Distria KRASNIQI
Kosovo,Bronze,2024,Judo,Women -63 kg,Laura FAZLIU
Colombia,Silver,2024,Artistic Gymnastics,Men's Horizontal Bar,Angel BARAJAS
Cyprus,Silver,2024,Sailing,Men's Dinghy,Pavlos KONTIDES
Fiji,Silver,2024,Rugby Sevens,Men,Fiji
Mongolia,Silver,2024,Judo,Women -48 kg,Baasankhuu BAVUUDORJ
Tunisia,Silver,2024,Fencing,Men's Sabre Individual,Fares FERJANI
India,Bronze,2024,Shooting,50m Rifle 3 Positions Men,Swapnil KUSALE
India,Bronze,2024,Shooting,10m Air Pistol Women,Manu BHAKER
India,Bronze,2024,Shooting,10m Air Pistol Mixed Team,India 1
Tajikistan,Bronze,2024,Boxing,Men's 92kg,Davlat BOLTAEV
Tajikistan,Bronze,2024,Judo,Men -81 kg,Somon MAKHMADBEKOV
Tajikistan,Bronze,2024,Judo,Men +100 kg,Temur RAKHIMOV
Dominican Republic,Bronze,2024,Boxing,Men's 51kg,Yunior ALCANTARA REYES
Dominican Republic,Bronze,2024,Boxing,Men's 80kg,Cristian Javier PINALES
Lithuania,Bronze,2024,3x3 Basketball,Men,Lithuania
Lithuania,Bronze,2024,Rowing,Women's Single Sculls,Viktorija SENKUTE
Malaysia,Bronze,2024,Badminton,Men's Singles,Zii Jia LEE
Malaysia,Bronze,2024,Badminton,Men's Doubles,CHIA/SOH
Republic of Moldova,Bronze,2024,Judo,Men -66 kg,Denis VIERU
Republic of Moldova,Bronze,2024,Judo,Men -73 kg,Adil OSMANOV
Austria,Bronze,2024,Judo,Women -70 kg,Michaela POLLERES
Cabo Verde,Bronze,2024,Boxing,Men's 51kg,David de PINA
Egypt,Bronze,2024,Fencing,Men's Épée Individual,Mohamed ELSAYED
Grenada,Bronze,2024,Athletics,Men's Decathlon,Lindon VICTOR
Indonesia,Bronze,2024,Badminton,Women's Singles,Gregoria Mariska TUNJUNG
Peru,Bronze,2024,Sailing,Men's Dinghy,Stefano PESCHIERA
Portugal,Bronze,2024,Judo,Women -78 kg,Patricia SAMPAIO
Slovakia,Bronze,2024,Canoe Slalom,Men's Canoe Single,Matej BENUS